代號,證券商名稱,地址,subBroderId,MainBroder,valid
1020,合庫,台北市大安區忠孝東路四段325號2樓,合庫,Y,N
1021,合庫,台中市西區民權路91號6樓,台中,N,N
1022,合庫,台南市北區成功路48號3樓,台南,N,N
1023,合庫,高雄市大勇路97號5樓,高雄,N,N
1024,合庫,嘉義市國華街279號2樓,嘉義,N,N
1025,合庫,基隆市仁二路255號3樓,基隆,N,N
1028,合庫,彰化縣彰化市民生路279號5樓,彰化,N,N
1029,合庫,高雄市鳳山區鳳松路3號,鳳松,N,N
102A,合庫,新竹市東區東門街60號5樓,竹塹,N,N
102C,合庫,台北市中山區南京東路2段85、87號3樓,自強,N,N
102E,合庫,桃園縣桃園市中華路12號3樓,東桃園,N,N
1030,土銀,台北市延平南路八十一號,土銀,Y,N
1031,土銀,台中市自由路2段1號4樓,台中,N,N
1032,土銀,台南市中正路26號4樓,台南,N,N
1033,土銀,高雄市大勇路131號,高雄,N,N
1034,土銀,嘉義市中山路309號3樓,嘉義,N,N
1035,土銀,新竹市中央路1號4、5樓,新竹,N,N
1036,土銀,花蓮縣玉里鎮中山路二段五十五號一、二樓,玉里,N,N
1037,土銀,花蓮縣花蓮市中山路356號3樓,花蓮,N,N
1038,土銀,台北市和平東路3段15號3樓部分,和平,N,N
1039,土銀,台北市中山北路五段六八九號三樓,士林,N,N
103A,土銀,高雄市建國一路458號3樓,建國,N,N
103B,土銀,彰化市光復路九十八號六樓,彰化,N,N
103C,土銀,台南縣白河鎮三民路三九五號三樓,白河,N,N
103D,土銀,新竹縣湖口鄉中正路1段102號3樓,湖口,N,N
103F,土銀,台北市南港區南港路1段364號5樓,南港,N,N
1040,臺銀證券,台北市重慶南路1段58號4樓、5樓部分,臺銀證券,Y,N
1041,臺銀,鳳山市曹公路20號3樓,鳳山,N,Y
1042,臺銀,臺南市中正路240號4樓,臺南,N,Y
1043,臺銀,臺北市承德路2段239號3樓,民權,N,Y
1045,臺銀,新竹市林森路29號5樓,新竹,N,Y
104A,臺銀,台中市民權路95號3樓,臺中,N,Y
104C,臺銀,高雄市苓雅區成功一路261號3樓,高雄,N,Y
104D,臺銀,台北市金山南路2段189號3樓,金山,N,Y
1090,台灣工銀,"台北市內湖區堤頂大道2段99號5,6,7樓部份",台灣工銀,Y,N
1091,台灣工銀,台中市北區中清路一段100號5樓,台中,N,N
1093,台灣工銀,南投縣埔里鎮中正路四七九號,埔里,N,N
1095,台灣工銀,桃園縣桃園市成功路1段32號5樓部份,桃園,N,N
1096,台灣工銀,新北市板橋區中山路一段3號2樓,板橋,N,N
1097,台灣工銀,高雄市苓雅區中山二路483號,高雄,N,N
109A,台灣工銀,台北市重慶南路一段五十七號二樓,城中,N,N
109K,台灣工銀,台北市大安區忠孝東路4段295號6樓,忠孝,N,N
1110,台灣企銀,台北市塔城街30號4樓,台灣企銀,Y,N
1111,台灣企銀,台中市中正路二二四號二、三樓,台中,N,N
1112,台灣企銀,台南市中正路一八五號四樓,台南,N,N
1113,台灣企銀,高雄市三民區九如二路255號3樓,九如,N,N
1114,台灣企銀,嘉義市光華路一三二號,嘉義,N,N
1115,台灣企銀,台中縣太平市中興里二鄰中興東路二十七號,太平,N,N
1116,台灣企銀,屏東市漢口街七號,屏東,N,N
1117,台灣企銀,新竹縣竹北市斗崙里縣政九路一二八號三樓,竹北,N,N
1118,台灣企銀,台中市豐原區豐西里三豐路一號四樓,豐原,N,N
1119,台灣企銀,高雄縣岡山鎮岡山路412號4樓,岡山,N,N
111A,台灣企銀,嘉義縣民雄鄉建國路三段八十三號三樓,民雄,N,N
111B,台灣企銀,台北市南京西路七十六號二樓,建成,N,N
111C,台灣企銀,高雄市六合二路1號2樓,三民,N,N
111D,臺灣企銀,台北市重慶南路一段七十二號四樓,台北,N,Y
111E,臺灣企銀,桃園市中華路99號3樓,桃園,N,Y
111F,台灣企銀,高雄市復興一路九十號三樓,北高雄,N,N
111G,臺灣企銀,臺北縣板橋市中山路2段62號2樓之2,埔墘,N,Y
111H,臺灣企銀,台北市南京東路3段311號2樓,南京東路,N,Y
1160,日盛,台北市南京東路2段111號2樓,日盛,Y,N
1161,日盛,台北市重慶南路1段10號2樓部分,忠孝,N,N
1162,日盛,台南市富北街7號之1(1樓)、7號2樓,台南,N,N
1163,日盛,台中市台中港路1段423號4樓部分,台中,N,N
1164,日盛,台北市內湖區民權東路6段114號3樓,內湖,N,N
1165,日盛,台北縣板橋市府中路29號4、5樓,板橋,N,N
1166,日盛,新北市中和區中和路356號、358號、358之1號3樓,雙和,N,N
1167,日盛,嘉義市興業西路342號之一2樓,嘉義,N,N
1168,日盛,高雄市七賢二路267號2樓,高雄,N,N
1169,日盛,台北市士林區文林路338號2樓,士林,N,N
116A,日盛,台北市木柵路3段96號4樓之1、之2,木柵,N,N
116B,日盛,桃園縣中壢市復興路46號4樓及6樓全部,中壢,N,N
116C,日盛,桃園縣八德市介壽路1段919號(略),八德,N,N
116E,日盛,新北市三重區重新路2段21號4樓,三重,N,N
116F,日盛,彰化縣員林鎮中山路1段753號4、5樓,員林,N,N
116G,日盛,台北市羅斯福路6段403號3樓,景美,N,N
116H,日盛,新竹市東門街60號3及4及6樓,新竹,N,N
116I,日盛,台北市南京東路2段38號3樓、7樓部分,南京,N,N
116J,日盛,台北縣板橋市三民路1段210號4樓,板橋中山,N,N
116K,日盛,花蓮市中山路207號2、3樓,花蓮,N,N
116L,日盛,台中市大墩路709號1、2樓、地下1樓,大墩,N,N
116M,日盛,屏東市中正路125號3樓之1及3樓之2,屏東,N,N
116N,日盛,台南縣永康市小東路451號1樓及中華路1之1號2樓,永康,N,N
116P,日盛,台北市基隆路2段109號2樓,信義,N,N
116Q,日盛,彰化縣二林鎮中山路116號4、5樓,二林,N,N
116S,日盛,新北市新莊區中正路383號2樓及3樓,新莊,N,N
116U,日盛,桃園市中正路1223號2樓,桃園,N,N
116V,日盛,雲林縣斗六市中山路72號2樓,斗六,N,N
116W,日盛,高雄市鳳山區光遠路163號2樓,鳳山,N,N
116X,日盛,宜蘭縣宜蘭市中山路3段217號2樓,宜蘭,N,N
116Z,日盛,台北縣中和市中和路35號4樓(略),中和,N,N
116b,日盛,新竹市建中路37號1樓,園區,N,N
116c,日盛,台中縣豐原市三民路95號4、5、6樓,豐原,N,N
116d,日盛,新北市三峽區文化路59號4樓之1,三峽,N,N
116e,日盛,新竹縣竹北市光明六路301號,竹北,N,N
116f,日盛,台北市復興北路57號2樓之2,復興,N,N
116g,日盛,桃園縣龍潭鄉龍潭村北龍路42號1至3樓(略),龍潭,N,N
116i,日盛,新北市樹林區中山路1段96、100、102號4樓,樹林,N,N
116j,日盛,苗栗縣頭份鎮中華路926號2、4樓,頭份,N,N
116k,日盛,高雄市鼓山區華榮路391號1、2樓,北高雄,N,N
116m,日盛,彰化縣和美鎮彰美路5段300號3樓及4樓部分,和美,N,N
116r,日盛,新北市板橋區文化路2段182巷1弄2號3樓,文化,N,N
116s,日盛,新北市土城區中央路2段209號2樓,土城,N,N
116v,日盛,新北市新莊區幸福路803.807.809號2樓,幸福,N,N
116w,日盛,福建省金門縣金城鎮民生路27巷1號,金門,N,N
1230,彰銀,台北市衡陽路68號2、3樓,彰銀,Y,N
1232,彰銀,高雄市忠孝一路456號3樓,七賢,N,N
1233,彰銀,台中市南區復興路二段七十八號三樓,台中,N,N
1260,宏遠,台北市信義路4段236號3樓部分(略),宏遠,Y,N
1261,宏遠,台北市松山區民生東路5段171之1號及171之2號,民生,N,N
1262,宏遠,桃園市中正路1125號3樓,桃園,N,N
1264,宏遠,台北市南京東路4段130號6樓及6樓之1,南京,N,N
126D,宏遠,台南市中西區忠義路2段69號3樓及5樓之1、5樓之2,台南,N,N
126H,宏遠,新北市中和區民樂路23號1樓及地下1樓,中和,N,N
126L,宏遠,台中市文心路1段521號7樓之6,台中,N,N
126Q,宏遠,高雄市中正二路175號4樓,高雄,N,N
126U,宏遠,台北市中正區開封街1段2號2樓及6樓之7、6樓之9,館前,N,N
126V,宏遠,新北市板橋區三民路1段210號5樓,板橋,N,N
126X,宏遠,新竹縣竹北市光明六路東一段296號(略),新竹,N,N
1360,港商麥格理,台北市復興南路1段2號5樓及5樓之1,港商麥格理,Y,N
1380,東方匯理,臺北市敦化南路二段95號27樓,東方匯理,Y,N
1440,美林,台北市敦化南路2段207號9樓部分、17樓部分,美林,Y,N
1470,台灣摩根士丹利,台北市敦化南路2段207號22樓,台灣摩根士丹利,Y,N
1480,美商高盛,台北市敦化南路2段207號11樓,美商高盛,Y,N
1520,瑞士信貸,台北市民生東路3段109號5樓,瑞士信貸,Y,N
1530,港商德意志,台北市仁愛路4段296號13樓,港商德意志,Y,N
1560,港商野村,台北市松智路1號17樓部分,港商野村,Y,N
1570,港商法國興業,台北市民生東路3段109號6樓部分,港商法國興業,Y,N
1590,花旗環球,台北市信義區松智路１號14樓(部分)及15樓(部分),花旗環球,Y,N
1650,新加坡商瑞銀,台北市松仁路7號5樓部分,新加坡商瑞銀,Y,N
1660,港商聯昌,台北市信義區信義路五段7號76樓之一,港商聯昌,Y,N
2180,亞東,台北市重慶南路1段86號2、3、4、5樓,亞東,Y,N
2181,亞東,台北縣板橋市南雅南路二段一七０號一樓,板橋,N,N
2184,亞東,新竹市光復路1段472號2樓,新竹,N,N
2185,亞東,台南市林森路1段395號4樓,台南,N,N
2186,亞東,高雄市前鎮區中山二路260號3樓,高雄,N,N
2187,亞東,台中市自由路2段131號2~3樓,台中,N,N
2188,亞東,臺北縣永和市中和路537號1樓及2樓,雙和,N,N
2189,亞東,桃園縣桃園市大興西路二段18號1樓及2樓,桃園,N,N
2200,元大寶來期貨,台北市中山區南京東路3段225號11樓(略),元大寶來期貨,Y,N
5050,大展,台北市承德路1段17號17樓、17樓之1、之2、之3,大展,Y,N
5059,大展,台北市重慶南路1段77號金融大樓8樓,武昌,N,N
5110,富隆,台北市南京東路3段287號3樓,富隆,Y,N
5112,富隆,台北市長安東路1段18號3樓部分,長安,N,N
5260,大慶,台北市民生東路2段174、176號3樓(略),大慶,Y,N
5261,大慶,新北市蘆洲區中山一路161號地下一樓,蘆洲,N,N
5262,大慶,桃園縣楊梅鎮新成路208號1樓,楊梅,N,N
5263,大慶,"台北縣泰山鄉明志路１段２０５號５樓之１,之２",泰山,N,N
5264,大慶,高雄市中華四路159號4樓之1,高雄,N,N
5265,大慶,苗栗縣苗栗市建民街60號4F,苗栗,N,N
5266,大慶,桃園縣平鎮市環南路18號地下1層之1之3之4,中壢,N,N
5267,大慶,基隆市義一路18號5樓,基隆,N,N
5268,大慶,臺南市成功路518號3樓之1、之2,台南,N,N
5269,大慶,台中市崇德路2段130號地下1樓,台中,N,N
526A,大慶,台北縣中和市景新街338號3樓,中和,N,N
526B,大慶,臺北市復興南路1段205號4樓,復興,N,N
526K,大慶,新北市三重區自強路一段73號3樓,富順,N,N
526L,大慶,新北市蘆洲區長榮路136號2樓,長榮,N,N
5320,高橋,桃園縣中壢市中和路92.94.96.98號,高橋,Y,N
5321,高橋,"桃園縣龍潭鄉中正村龍華路130,132號(略)",龍潭,N,N
5322,高橋,桃園縣中壢市中山路二二八巷十八號一至五樓(略),中壢,N,N
5323,高橋,"桃園縣中壢市忠孝路159,161號1,2樓(略)",內壢,N,N
5380,第一金,台北市中山區長安東路一段22號4樓,第一金,Y,N
5381,第一金,彰化縣員林鎮大同路1段338號7樓,員林,N,N
5382,第一金,台中市向上路1段110號1、2樓,台中,N,N
5383,第一金,高雄市苓雅區中正一路120號2樓及10樓之1,高雄,N,N
5384,第一金,台南市大同路1段98號2樓(部份),台南,N,N
5385,第一金,桃園縣桃園市民族路55號3樓,桃園,N,N
5386,第一金,彰化縣彰化市和平路48號3樓,彰化,N,N
5387,第一金,澎湖縣馬公市光復路88號3、4樓,澎湖,N,N
5389,第一金,台北市中山區中山北路2段61號4樓,中山,N,N
538A,第一金,高雄市中正四路17號3樓、4樓部分,新興,N,N
538B,第一金,新竹市英明街3號3樓,新竹,N,N
538C,第一金,台北市光復北路16號2樓及3樓部分,光復,N,N
538D,第一金,台北市忠孝東路2段88號3、4樓,忠孝,N,N
538E,第一金,台中市自由路1段144號7樓,自由,N,N
538F,第一金,台北市迪化街1段63號3樓,大稻埕,N,N
538G,第一金,台北縣中和市中山路2段152號地下1樓,中和,N,N
538I,第一金,苗栗縣頭份鎮中正路67號2樓,頭份,N,N
538L,第一金,台北市長安東路1段22號3樓部分(略),華山,N,N
538M,第一金,嘉義市中山路307號3樓,嘉義,N,N
538N,第一金,台中市豐原區中山路423號3樓,豐原,N,N
538P,第一金,高雄市路竹區中山路1187號2樓,路竹,N,N
538U,第一金,台北市文林路338號7樓之1,士林,N,N
538V,第一金,高雄市三民區大順二路147號2樓,灣內,N,N
538W,第一金,新北市板橋區文化路1段329號2樓(略),華江,N,N
538X,第一金,新北市新莊區中正路316號2樓之1,新莊,N,N
538Y,第一金,桃園縣中壢市中央西路2段30號2樓,中壢,N,N
5460,寶盛,台中市北屯區北興街43號1樓、2樓,寶盛,Y,N
5600,永興,台北市南海路20號2樓、3樓部分,永興,Y,N
5602,永興,台中市北屯區中清路二段578號一樓、二樓,水湳,N,N
5603,永興,台中市三民路3段265號之1一、二樓(略),台中,N,N
5604,永興,台中市南屯區大墩路754、756號1、2樓,大墩,N,N
5660,日進,苗栗縣苗栗市中正路426號4F,日進,Y,N
5690,豐興,"台中縣豐原市中正路220號3,4,5F",豐興,Y,N
5850,統一,台北市東興路8號1樓部分、2樓部分、3樓部分,統一,Y,N
5851,統一,高雄市中正三路55號5樓,高雄,N,N
5852,統一,台北市敦化南路2段105號6樓,敦南,N,N
5853,統一,"桃園縣中壢市中美路51號1,2,3樓及地下室",中壢,N,N
5854,統一,台北市博愛路80號2樓、4樓之1、4樓,城中,N,N
5855,統一,台南市中山路八十八號三樓,台南,N,N
5856,統一,台中市五權西路一段二五七號三樓,台中,N,N
5857,統一,新竹市北大路307號2樓,新竹,N,N
5858,統一,嘉義市林森西路153號3、4樓部份,嘉義,N,N
5859,統一,屏東縣屏東市濟南街10-1號,屏東,N,N
585A,統一,基隆市仁愛區仁三路11號2樓,基隆,N,N
585B,統一,新北市永和區福和路389號3樓,永和,N,N
585C,統一,高雄市博愛一路336號2樓,三民,N,N
585D,統一,台中市西屯區文心路2段201號8樓(略),新台中,N,N
585E,統一,台南市新營區中山路113號4樓,新營,N,N
585F,統一,彰化縣彰化市華山路37號6樓,彰化,N,N
585G,統一,台北市延平北路2段202號3樓、9樓之2,延平,N,N
585H,統一,桃園縣桃園市成功路1段32號10樓,桃園,N,N
585I,統一,彰化縣員林鎮靜修路12號2樓,員林,N,N
585J,統一,新北市三重區重新路4段12號4樓,三重,N,N
585L,統一,台中縣豐原市三民路一九九號三樓,豐原,N,N
585M,統一士林,台北市士林區承德路4段83號3樓(略),統一士林,Y,N
585N,統一,台中縣大里市中興路2段438號4樓、5樓,大里,N,N
585P,統一,新北市板橋區府中路二十九之二號八樓,板橋,N,N
585Q,統一,高雄市苓雅區四維四路7號6樓,三多,N,N
585R,統一,新北市汐止區中興路160號5樓(略),汐止,N,N
585S,統一,宜蘭縣宜蘭市中山路3段152號2樓,宜蘭,N,N
585U,統一,台北市南京東路三段二四八號二樓、二樓之一部分,南京,N,N
585V,統一,台北市南昌路2段103號2樓及10樓之2,古亭,N,N
585W,統一,金門縣金城鎮民權路160號1樓(略),金門,N,N
585Y,統一,新北市土城區裕民路149號2樓、2樓之1,土城,N,N
585Z,統一,台北市松江路127之1號5樓、6樓,松江,N,N
585b,統一,臺北市內湖路1段575號3樓,內湖,N,N
585c,統一,台北市安和路1段29號2樓,仁愛,N,N
585d,統一,新北市新店區北新路二段262號2樓之3,新店,N,N
5860,盈溢,高雄市新興區七賢二路38號,盈溢,Y,N
5861,盈溢,高雄市前鎮區瑞北路44號1樓,籬子內,N,N
5862,盈溢,高雄市楠梓區楠都東街181號地下室,楠梓,N,N
5870,光隆,"花蓮縣花蓮市公園路26號4,5,6樓",光隆,Y,N
5920,元富,台北市復興南路1段209號1、2、3樓,元富,Y,N
5921,元富,高雄市九如二路548號2、3樓,高雄,N,N
5922,元富,新北市新店區中興路3段134號地下一樓,新店,N,N
5923,元富,新北市三重區重新路2段21號3樓,三重,N,N
5925,元富,台中市五權西路一段二三七號二樓,台中,N,N
5926,元富,高雄市四維四路30號3樓,四維,N,N
5927,元富,高雄縣林園鄉沿海路3段2號2樓、5樓,林園,N,N
5928,元富,新北市新莊區新泰路368號1、2樓,新莊,N,N
5929,元富,台南市忠義路2段47號3.4.5(營業廳設於3F),台南,N,N
592A,元富,高雄市博愛一路391號8樓及11樓(營業廳設於8F),緯城,N,N
592B,元富,新北市永和區民有街1號2樓,永和,N,N
592C,元富,"屏東縣潮州鎮新生路8號1,2樓(略)",潮州,N,N
592D,元富,高雄市三民區九如一路502號地下一層,大昌,N,N
592E,元富,台北市承德路一段十七號地下一樓,城中,N,N
592G,元富,新竹市信義街68號7樓之1、7樓之2,新竹,N,N
592H,元富,台北市信義路2段101號2樓,信義,N,N
592I,元富,嘉義市垂楊路316號3樓之1、2；4樓之1、2,嘉義,N,N
592J,元富,台北市信義區永吉路302號2樓之1、2樓之5,松山,N,N
592L,元富,桃園縣中壢市元化路226號3樓,中壢,N,N
592M,元富,彰化市彰美路1段186號6F,彰化,N,N
592N,元富,雲林縣虎尾鎮中正路15號三.四樓,虎尾,N,N
592P,元富,高雄市岡山區岡山路四三四號三樓,同大,N,N
592Q,元富,台北市忠孝東路4段212號3樓、3樓之1,敦南,N,N
592S,元富,基隆市愛四路60號4、5樓,基隆,N,N
592U,元富,宜蘭縣宜蘭市舊城北路23號,宜蘭,N,N
592V,元富,台北市民權西路十一號七樓,民權,N,N
592W,元富,台北市承德路7段348號1樓、地下1樓,吉利,N,N
592X,元富,南投縣草屯鎮和興街92號92之1號1(略),草屯,N,N
592Y,元富,南投縣埔里鎮南昌街231號2樓,埔里,N,N
592Z,元富,台南市安中路二段三００號八樓,安南,N,N
592a,元富,台北市松德路16號地下1樓,松德,N,N
592b,元富,新北市板橋區三民路1段216號9樓,板橋,N,N
592c,元富,台中縣烏日鄉三民街179號4樓,烏日,N,N
592d,元富,台北市長安東路1段23號2樓之1、之2、之5,延平,N,N
592e,元富,台北市羅斯福路3段28號2樓,古亭,N,N
592f,元富,臺北市敦化南路二段99號19樓,國際證券,N,N
592g,元富,台中市潭子區中山路2段281號3樓,中原,N,N
592i,元富,台中市清水區中山路196號5、6樓,中港,N,N
592j,元富,新北市板橋區府中路29-2號3樓,府中,N,N
592l,元富,台中市台中路504號,大裕,N,N
592m,元富,台南市成功路四五七號三樓、四樓,成功,N,N
592n,元富,台北市南京東路5段108號3樓,西松,N,N
592o,元富,高雄市新興區七賢一路251號2樓,新興,N,N
592q,元富,屏東市中正路一二三號二樓,屏東,N,N
592r,元富,台北市中山區南京東路二段一二三號一樓(略),城東,N,N
592u,元富,台北市信義路4段456號地下1樓,世貿,N,N
592v,元富,桃園縣桃園市成功路2段1號2樓,桃園,N,N
592w,元富,台南市佳里區和平街83號4樓、5樓,佳里,N,N
592y,元富,花蓮市民國路167號,花蓮,N,N
592z,元富,台中市文心路2段645號2樓及4樓之2,文心,N,N
5960,日茂,南投縣草屯鎮草溪路1020號2樓(略),日茂,Y,N
5961,日茂,南投縣埔里鎮西安路一段299號B1.1F.2F.,埔里,N,N
5962,日茂,南投縣南投市三和二路11號4、5樓,南投,N,N
5964,日茂,台中縣霧峰鄉四德路10號4樓,霧峰,N,N
6010,亞證券,台北市復興北路99號3樓、6樓及6樓之1,亞證券,Y,N
6012,亞,台北市松山區復興北路99號4樓之3,網路,N,Y
6110,台中商銀,台中市民族路45號1、2樓,台中商銀,Y,N
6114,台中商銀,彰化縣員林鎮中正路462號3樓,員林,N,N
6115,台中商銀,台北市忠孝東路一段85號4樓之1及4樓之3,台北,N,N
6116,台中商銀,桃園縣中壢市中美路一段18號2樓,中壢,N,N
6160,中國信託,臺北市南港區經貿二路168號3樓,中國信託,Y,N
6161,中國信託,新北市三重區重陽路一段66號2樓,三重,N,N
6162,中國信託,台北市中正區忠孝西路一段6號4樓,忠孝,N,N
6163,中國信託,台南縣永康市中華路425號2樓部分,永康,N,N
6164,中國信託,台中市北屯區文心路四段八七五號三樓部分,文心,N,N
6165,中國信託,新竹市民族路139號2樓,新竹,N,N
6166,中國信託,桃園縣桃園市復興路393號2樓,桃園,N,N
6167,中國信託,台北市中山區松江路220號3樓之1,松江,N,N
6168,中國信託,嘉義市西區文化路169號4樓,嘉義,N,N
6169,中國信託,新北市永和區中正路63號6樓,雙和,N,N
616K,中國信託,高雄市前金區中正四路168號6樓之1,高雄,N,N
6210,新百王,高雄市前金區中華三路11號5樓及地下一樓,新百王,Y,N
6380,光和,彰化縣北斗鎮光復路166號3、4樓,光和,Y,N
6381,光和,彰化縣溪湖鎮文東街9號1、2樓,溪湖,N,N
6382,光和,彰化縣田中鎮南北街80號3樓,田中,N,N
6383,光和,彰化縣和美鎮彰美路五段二五六號三樓,和美,N,N
6385,光和,彰化縣花壇鄉花壇村花壇街273號5樓,花壇,N,N
6386,光和,雲林縣虎尾鎮新興路116號1、2樓,虎尾,N,N
6450,永全,桃園縣桃園市縣府路82號1至7樓,永全,Y,N
6451,永全,桃園縣蘆竹鄉光明路一段一００號(略),南崁,N,N
6452,永全,桃園縣八德市介壽路一段655號1至4樓,八德,N,N
6460,大昌,台北縣板橋市東門街30之2號2樓之1(略),大昌,Y,N
6461,大昌,台北縣樹林市復興路11號1、2樓(略),樹林,N,N
6462,大昌,台北縣新店市安德街70號1、2樓(略),安康,N,N
6463,大昌,新竹市大同路130號3樓(略),新竹,N,N
6464,大昌,台北縣新店市北新路2段108號3樓,新店,N,N
6465,大昌,桃園縣桃園市經國路126號2樓及128號2樓,桃園,N,N
6480,福邦,台北市南京東路1段52號2樓,福邦,Y,N
6530,大眾,高雄市三民區壽昌路93號2、3樓,大眾,Y,N
6531,大眾,高雄市楠梓區軍校路800號3F,左楠,N,N
6532,大眾,台北市中山區松江路122號3樓及4樓部分,松江,N,N
6533,大眾,台南市西門路3段159號3樓,台南,N,N
6534,大眾,高雄市前鎮區中山二路2號22樓(略),中山,N,N
6535,大眾,台北市中山區復興南路1段2號2樓,大安,N,N
6536,大眾,新北市新莊區民安路179號地下1樓,新莊,N,N
6537,大眾,台北市光復北路112號8樓,松山,N,N
6538,大眾,台南市新營區中山路115號3樓,新營,N,N
6539,大眾,台南市永康區永大路2段443號,永康,N,N
653A,大眾,台東縣台東市大同路128號2樓(部分),台東,N,N
653B,大眾,屏東縣屏東市廣東路125號1、2樓,屏東,N,N
653C,大眾,桃園縣中壢市中山路119號4、5樓,通營,N,N
653D,大眾,台北縣板橋市中山路1段156之1號2樓,新板,N,N
653E,大眾,830高雄市鳳山區維新路126號1、2樓,鳳山,N,N
653J,大眾,台中市南屯區五權西路2段271號,南台中,N,N
6620,全泰,桃園縣桃園市三民路3段317號3、4樓,全泰,Y,N
6640,渣打商銀,桃園縣桃園市中正路465號3樓及4樓部份,渣打商銀,Y,N
6641,渣打商銀,桃園縣中壢市民族路56號2樓及地下1樓,新明,N,N
6642,渣打商銀,新竹市四維路130號2樓(部分)及3樓,新興,N,N
6645,渣打商銀,苗栗縣竹南鎮中正路217號2樓,竹南,N,N
6648,渣打商銀,新竹縣竹北市中正西路141號2樓,新社,N,N
664A,渣打商銀,桃園縣蘆竹鄉中正路90號3樓,南崁,N,N
664C,渣打商銀,台北市內湖路一段70號1樓部分,西湖,N,N
664D,渣打商銀,高雄市前鎮區中山二路262號1樓部分,三多,N,N
664E,渣打商銀,台中市文心路一段380號2樓部分,文心,N,N
664F,渣打商銀,台北市仁愛路四段1號2樓部分,仁愛,N,N
664G,渣打商銀,台北縣板橋市新府路1-1號2樓部分,板橋,N,N
6910,德信,台北市新生南路一段五十號三樓,德信,Y,N
6911,德信,台北市中正區館前路49號4樓,台北,N,N
6912,德信,台中市中正路四七八號五樓、六樓,中正,N,N
6913,德信,台南縣新營市新進路2段109號3樓,新營,N,N
6914,德信,新北市三重區重陽路1段66號7樓,三重,N,N
6915,德信,台北市和平東路3段208之1號、212巷2號2樓,和平,N,N
6950,福勝,台北縣淡水鎮中正路六十三號三、四、五樓,福勝,Y,N
7000,兆豐,台北市忠孝東路2段95號(略),兆豐,Y,N
7001,兆豐,嘉義市文化路259號3樓及4樓部分,嘉義,N,N
7003,兆豐,台中市五權西路一段257號7樓部份,台中,N,N
7004,兆豐,高雄市五福二路82號2樓,東高雄,N,N
7005,兆豐,台中縣沙鹿鎮沙田路107號2樓,台中港,N,N
7006,兆豐,台南市忠義路2段14號4、5樓,台南,N,N
7007,兆豐,新竹縣竹北市三民路18、20、22、24號(略),竹北,N,N
7008,兆豐,台北縣三重市正義北路195號3樓,三重,N,N
7009,兆豐,台北市文山區景中街1號3樓,景美,N,N
700B,兆豐,台北縣板橋市文化路1段268號2樓之1,板橋,N,N
700C,兆豐,雲林縣斗六市民生路156號8樓,來福,N,N
700D,兆豐,雲林縣西螺鎮中山路127號3樓,西螺,N,N
700E,兆豐,雲林縣斗南鎮中正路131號3樓,斗南,N,N
700F,兆豐,雲林縣虎尾鎮公安路133號4樓,虎尾,N,N
700G,兆豐,台南縣麻豆鎮興中路127號3樓,麻豆,N,N
700H,兆豐,台北市金山南路2段33號2樓,東門,N,N
700I,兆豐,高雄市中正四路235號2樓之1,北高雄,N,N
700J,兆豐,台中市西區館前路55號1樓,公益,N,N
700K,兆豐,台南市新營區中營里中山路116號,新營,N,N
700L,兆豐,台北市中山北路6段126號3樓部分,天母,N,N
700M,兆豐,桃園縣桃園市成功路2段2號2樓,桃園,N,N
700N,兆豐,台北縣板橋市三民路1段216號2樓,埔墘,N,N
700P,兆豐,台北市南京東路3段65號3樓,南京,N,N
700R,兆豐,高雄市小港區漢民路381號2樓,小港,N,N
700S,兆豐,台北市民生西路286號3樓,大同,N,N
700U,兆豐,桃園縣桃園市桃鶯路343號3、4樓,桃鶯,N,N
700V,兆豐,新竹市中正路129號3樓,新竹,N,N
700W,兆豐,台北市重慶南路1段2號2樓〈部分〉,城中,N,N
700X,兆豐,台北縣永和市保生路1號6樓之1,永和,N,N
700Y,兆豐,台北市信義路4段458號6樓,世貿,N,N
700Z,兆豐,高雄市新光路36號1樓,高雄,N,N
700a,兆豐,台北市忠孝東路4段563號3樓、565號4樓,忠孝,N,N
700b,兆豐,桃園縣中壢市中山路142號8樓、146號8樓,中壢,N,N
700c,兆豐,台北市民生東路3段128號3樓之2,民生,N,N
700d,兆豐,彰化縣彰化市和平路57號6樓,彰化,N,N
700f,兆豐,彰化縣鹿港鎮彰鹿路8段59號,鹿港,N,N
700g,兆豐,台北市羅斯福路2段9號2樓(部分),南門,N,N
700h,兆豐,高雄市大順二路41號2樓,三民,N,N
700i,兆豐,台北市信義區忠孝東路5段510號3樓(略),松德,N,N
700j,兆豐,台北市信義路3段182號3樓、4樓,大安,N,N
700k,兆豐,彰化縣員林鎮中山路1段753號3樓,員林,N,N
700p,兆豐,台北市復興北路99號8樓之1,復興,N,N
700q,兆豐,台北市內湖區成功路4段166號5樓,內湖,N,N
700r,兆豐,台中市西屯區臺灣大道4段600號3樓,寶成,N,N
700s,兆豐,高雄縣岡山鎮中山北路28號3樓(部分),岡山,N,N
700w,兆豐,台北縣新莊市思源路427號2樓,新莊,N,N
7020,信富,嘉義縣朴子市山通路37號3.4樓,信富,Y,N
7030,致和,台南市西門路3段10號地下1樓、1、2、3、4、7樓,致和,Y,N
7031,致和,台北市信義路4段96號2樓,台北,N,N
7032,致和,台南縣佳里鎮建南里九鄰光復路一四八號,佳里,N,N
7033,致和,台南市府前路1段141號2、3樓,府前,N,N
7034,致和,台南市金華路二段一七二號地下一樓,金華,N,N
7035,致和,台北市信義路二段二一三號二樓,東門,N,N
7036,致和,高雄市光華一路148之83號1、2樓,高雄,N,N
7038,致和,台北市南京東路五段一八八號四樓,南京,N,N
703A,致和,台南縣永康市中華路144-1、144-2號地下一樓,日陞,N,N
703B,致和,台南市東區中華東路3段242號1、2、3樓,崇德,N,N
7070,豐農,台中縣豐原市水源路669號1F,豐農,Y,N
7080,石橋,桃園縣平鎮市環南路一八四號一樓(略),石橋,Y,N
7081,石橋,台北市大同區延平北路2段96號8樓,台北,N,N
7120,台安,台中市民權路234號1樓,台安,Y,N
7670,金港,高雄市苓雅區三多二路93號3樓,金港,Y,N
7671,金港,高雄市左營區博愛二路366號6樓之一,博愛,N,N
7750,北城,新北市永和區永和路2段116號3樓,北城,Y,N
7752,北城,台北縣永和市民權路三十九號地下一樓,雙和,N,N
7780,富星,雲林縣虎尾鎮和平路一號三樓四樓五樓,富星,Y,N
7781,富星,雲林縣斗南鎮南昌路一一二號,斗南,N,N
7782,富星,雲林縣北港鎮文化路４２號２樓,北港,N,N
7783,富星,雲林縣斗六市民生路170號4樓,斗六,N,N
7790,國票,台北市重慶北路3段199號地下1樓及6樓部分(略),國票,Y,N
7791,國票,台東縣台東市中華路一段三九七號二樓及三樓部分,台東,N,N
7792,國票,台北市北投區北投路2段13號2樓,北投,N,N
7795,國票,台北市南港區興中路12巷25號地下1樓,南港,N,N
7797,國票,高雄市前金區中正四路211號1樓,中正,N,N
7798,國票,桃園縣中壢市興農路125號3、4樓,內壢,N,N
779D,國票,臺南市成功路114號5樓,台南,N,N
779E,國票,桃園縣蘆竹鄉中正路二九五號三樓之一及三樓之二,南崁,N,N
779G,國票,新北市新莊區中華路1段16號地下1層,新莊,N,N
779H,國票,嘉義市垂楊路508號3、4樓,嘉義,N,N
779I,國票,台中市健行路五八一號一樓,北台中,N,N
779J,國票,高雄市左營區立文路77號2樓,北高雄,N,N
779L,國票,新北市蘆洲區集賢路222-5號1樓、2樓,蘆洲,N,N
779P,國票,台中市北屯路二四五號一樓(略),九鼎,N,N
779V,國票,高雄市三民區天祥一路148號,天祥,N,N
779W,國票,彰化縣彰化市金馬路三段六五六號一樓,彰化,N,N
779X,國票,台北縣中和市信義街43號3樓,中和,N,N
779Z,國票,台北市大安區信義路四段382號3樓、4樓,安和,N,N
779c,國票,臺北市松山區南京東路三段346號2樓,敦北,N,N
779e,國票,臺南縣新化鎮中山路二四三之一號二、三樓,新化,N,N
779j,國票,高雄市苓雅區和平一路87號1樓,和平,N,N
779m,國票,臺中市西區臺中港路一段一二號五樓,中港,N,N
779n,國票,台北市松山區南京東路五段188號8樓之9,南京,N,N
779r,國票,桃園縣桃園市中正路133號5樓,桃園,N,N
779u,國票,臺北市仁愛路4段85號2樓,長城,N,N
779v,國票,臺中市西屯區市政北一路1號7樓,台中,N,N
779w,國票,台北縣新店市民權路117號1樓,景新,N,N
779z,國票,臺北市博愛路38號2樓,博愛,N,N
7900,金豐,台中市豐原區中山路４８１號,金豐,Y,N
8150,台新,台北市中山北路二段44號2樓,台新,Y,N
815A,台新,高雄市中山二路260號三樓之一,高雄,N,N
815B,台新,台中市東興路二段187號3樓,台中,N,N
8380,安泰,"高雄縣鳳山市五福二路36號1,2樓",安泰,Y,N
8381,安泰,高雄市大寮區力行路105號,大發,N,N
8382,安泰,高雄市楠梓區興楠路285號1樓,楠梓,N,N
8440,摩根大通,台北市信義路5段106號3樓部分,摩根大通,Y,N
8450,康和,台北市信義區基隆路1段176號地下1樓部分、2樓,康和,Y,N
8451,康和,台北市南京西路406號5樓,延平,N,N
8454,康和,台南縣新營市中山路113號5樓,新營,N,N
8455,康和,台中市西屯區華美西街二段311號2樓(略),台中,N,N
8456,康和,新竹市四維路130號2樓之1,新竹,N,N
8458,康和,台南市康樂街156號2樓,台南,N,N
8459,康和,嘉義市興業西路121號1樓及123號2樓,嘉義,N,N
845A,康和,台北市文德路104號1、2樓及106號1、2樓,內湖,N,N
845B,康和,台北縣永和市得和路104巷24號2樓(略),永和,N,N
845C,康和,台中縣太平市中興東路190號,太平,N,N
845D,康和,台北縣板橋市三民路1段210號3樓,板橋,N,N
845E,康和,澎湖縣馬公市大仁街9號2樓,澎湖,N,N
845F,康和,台北市仁愛路4段85號5樓,仁愛,N,N
845H,康和,台北市內湖區康寧路3段74之9號1樓(略),東湖,N,N
845I,康和,台北市中正區羅斯福路2段102號4樓之1,古亭,N,N
845J,康和,高雄市新興區中正三路55號17樓之1、2、3、4,高雄,N,N
845N,康和,彰化縣員林鎮大同路二段129-1號3樓,員林,N,N
845P,康和,台北縣板橋市實踐路30號,板新,N,N
845R,康和,台北市石牌路1段82號1、2樓,石牌,N,N
845S,康和,桃園縣蘆竹鄉南崁路66號、68號及66-1號、68-1號,南崁,N,N
845U,康和,台北市松山區復興北路143號3樓、4樓,台北,N,N
845V,康和,新北市新莊區思源路333號1樓(略),新莊,N,N
845X,康和,屏東市中正路123號5樓部分,屏東,N,N
845Y,康和,台北市基隆路一段176號B1,國際證券,N,N
8490,萬泰,嘉義市新榮路193號2樓、3樓部分,萬泰,Y,N
8520,中農,台中縣梧棲鎮四維中路157巷1號2、3、4樓,中農,Y,N
8560,新光,台北市重慶南路1段66之1號5樓,新光,Y,N
8561,新光,台中市五權西路1段118號,台中,N,N
8562,新光,高雄市苓雅區中華四路35、37號,高雄,N,N
8563,新光,新竹縣竹北市光明六路東1段238號(略),新竹,N,N
8564,新光,台南市東區東門路2段262號,台南,N,N
8580,聯邦商銀,台北市南京東路2段137號2樓,聯邦商銀,Y,N
8581,聯邦,高雄市苓雅區光華一路208號之1、208號2樓,高雄,N,Y
8582,聯邦,嘉義縣嘉義市中山路二八五之一號五樓(略),嘉義,N,Y
8583,聯邦,台北市敦化南路一段209之1號及205號地下一樓,敦化,N,Y
8584,聯邦,台北縣永和市中正路222號2樓,雙和,N,Y
8585,聯邦,台北縣三重市重新路3段10號4樓,三重,N,Y
8660,萬通,"台北市松江路301號2樓之1,2樓之3",萬通,Y,N
8700,花旗,台北市松智路1號14樓部份及15樓部份,花旗,Y,N
8710,陽信,台北市民生東路5段165號地下之2,陽信,Y,N
8711,陽信,台北市北投區石牌路1段88號1樓,石牌,N,N
8712,陽信,台北市文山區景後街95號1樓,景美,N,N
8770,大鼎,台北巿信義路4段456、458號8樓,大鼎,Y,N
8840,玉山,臺北市松山區民生東路3段117號地下1樓,玉山,Y,N
8841,玉山,台北縣永和市永和路1段69號1樓、2樓,雙和,N,N
8842,玉山,新北市新莊區中華路2段65號1樓、2樓,新莊,N,N
8843,玉山,高雄市九如一路156號1樓,高雄,N,N
8844,玉山,台北市松江路162號、162號之1地下1樓,松江,N,N
8845,玉山,台北市仁愛路二段2號3樓,仁愛,N,N
8846,玉山,台北縣土城市裕民路116號2樓,土城,N,N
8847,玉山,台南市崇學路138號3樓、4樓、5樓,台南,N,N
8848,玉山,嘉義市中山路294號1樓、2樓、3樓,嘉義,N,N
8849,玉山,台北市羅斯福路4段60號2樓、2樓之1,台大,N,N
884A,玉山,台北市士林區中正路266、266之1、266之2號,士林,N,N
884B,玉山,臺中市府會園道179號13樓,台中,N,N
884C,玉山,台北市松山區南京東路5段89號地下一樓,南京東路,N,N
884D,玉山,高雄市左營區博愛二路576號地下一樓,左營,N,N
884E,玉山,台北市武昌街1段77號3樓,城中,N,N
884F,玉山,桃園縣桃園市信光路125號3樓.4樓,桃園,N,N
884G,玉山,臺南市南區金華路二段58號3樓,金華,N,N
884H,玉山,新竹市光復路一段569號3樓、4樓,新竹,N,N
884I,玉山,臺北市內湖區內湖路一段360巷15號8樓,內湖,N,N
884J,玉山,臺中市大里區國光路二段407號3樓,大里,N,N
884K,玉山,新北市板橋區三民路一段216號6樓,板橋,N,N
8850,鑫豐,台北市民權西路104號5樓之1,鑫豐,Y,N
8880,國泰,台北市敦化南路2段333號19樓部分(略),國泰,Y,N
8881,國泰,高雄市新興區中正三路55號3樓部分、9樓之3,高雄,N,N
8882,國泰,台中市西區中華路一段35號2樓﹝部份﹞,台中,N,N
8883,國泰,台北市中山區松江路136號3樓(部分),松江,N,N
8884,國泰,台南市民生路1段62號3樓（部分）,台南,N,N
8885,國泰,桃園縣桃園市中正路1125號2樓(部分),桃園,N,N
8886,國泰,新北市新莊區中正路387號12樓,新莊,N,N
8887,國泰,台北市忠孝東路4段293號6樓之1,忠孝,N,N
888A,國泰,台北市中正區館前路65號5樓部分,館前,N,N
888K,國泰,台北縣板橋市三民路1段216號4樓部分,板橋,N,N
8890,大和國泰,台北市基隆路1段200號13樓之1(略),大和國泰,Y,N
8900,法銀巴黎,臺北市信義路5段7號72樓(部分),法銀巴黎,Y,N
8910,台灣巴克萊,台北市信義區信義路5段106號11樓(部分),台灣巴克萊,Y,N
8960,香港上海匯豐,台北市信義區基隆路一段333號13樓部分,香港上海匯豐,Y,N
9100,群益金鼎,台北市松仁路101號4樓、97號14樓之2、97號4樓,群益金鼎,Y,N
9101,群益金鼎,臺北市敦化南路2段97號地下之1、地下之2,敦南,N,N
9103,群益金鼎,台北市南京東路4段130號11樓、11樓之1,松山,N,N
9105,群益金鼎,高雄市中山二路505號1樓、2樓、地下1樓,高盛,N,N
9108,群益金鼎,新北市板橋區東門街30之2號2樓(略),海山,N,N
910D,群益金鼎,台北市忠孝東路4段270號6樓、11樓之3,大興,N,N
9131,群益金鼎,臺中市民權路91號4、5樓,民權,N,N
9132,群益金鼎,桃園縣桃園市成功路1段32號4樓,成功,N,N
9133,群益金鼎,高雄市民生一路247號4樓之1~3,新興,N,N
9134,群益金鼎,臺南市開元路280號3樓之1~2、4樓之1~2,開元,N,N
9135,群益金鼎,新竹市經國路2段62號3樓,經國,N,N
9136,群益金鼎,臺北市南京東路5段213號3樓,西松,N,N
9137,群益金鼎,臺北市中正路118-1號地下1樓(略),士林,N,N
9138,群益金鼎,臺中市梧棲區大仁路二段369號1、2樓,中港,N,N
913A,群益金鼎,新北市新莊區中正路245號地下1樓,上新莊,N,N
913B,群益金鼎,桃園縣中壢市中美路1段18號4樓,新壢,N,N
913C,群益金鼎,臺北市信義區松山路132號6樓,信義,N,N
913D,群益金鼎,臺中市潭子區潭陽里潭子街2段65巷13號1-3樓,潭子,N,N
913E,群益金鼎,基隆市信一路150號4樓,基隆,N,N
913H,群益金鼎,屏東縣屏東市永福路9號3樓、4樓,屏東,N,N
913I,群益金鼎,臺北市西園路2段203號地下1樓,萬華,N,N
913J,群益金鼎,高雄市鳳山區南華路171號2樓之1(略),五甲,N,N
913K,群益金鼎,彰化縣員林鎮中山路2段100號7樓,員林,N,N
913N,群益金鼎,新北市土城區中央路1段261號1樓,土城,N,N
913R,群益金鼎,高雄市大勇路85號6樓,五福,N,N
913U,群益金鼎,臺中市崇德路2段416號地下1樓-1,崇德,N,N
913Y,群益金鼎,臺北市館前路49號5樓,館前,N,N
913e,群益金鼎,臺北市中正區漢口街1段85號2樓,城中,N,N
913g,群益金鼎,新北市三重區正義南路91、93、95、97、99號1樓,南三重,N,N
9183,群益金鼎,高雄市河東路165號1、2樓,高雄,N,N
9184,群益金鼎,台中市忠明南路40號1、2樓、42號地下1樓,台中,N,N
9185,群益金鼎,台南市中西區民生路2段76號3樓(部份)及3樓之1,台南,N,N
9186,群益金鼎,新竹市北大路307號5樓及6樓之3及6樓之2部分,新竹,N,N
9187,群益金鼎,彰化縣彰化市民生路279號6樓,彰化,N,N
9188,群益金鼎,高雄市陽明路169號1樓,三民,N,N
9189,群益金鼎,桃園縣桃園市中正路133號7樓,桃園,N,N
918A,群益金鼎,桃園縣中壢市中山路88號3樓,中壢,N,N
918B,群益金鼎,新北市板橋區三民路1段216號3樓,板橋,N,N
918C,群益金鼎,台北市和平西路1段3號2樓、2樓之1,古亭,N,N
918D,群益金鼎,台南市北門路1段97號3、4樓及10樓之6,東門,N,N
918E,群益金鼎,臺北市南京東路2段71號9樓,南京,N,N
918F,群益金鼎,新北市新店區北新路2段252號2樓之4(略),新店,N,N
918G,群益金鼎,新北市新莊區中華路2段160號1、2樓,新莊,N,N
918H,群益金鼎,台北市林森北路372號2樓,中山,N,N
918J,群益金鼎,新北市永和區福和路353號2樓,永和,N,N
918K,群益金鼎,臺北市內湖區成功路5段460號8樓,東湖,N,N
918L,群益金鼎,台中市東區建成路735號2樓及3樓,建成,N,N
918M,群益金鼎,嘉義市垂楊路87號1樓、89號2樓之2及3樓之1,嘉義,N,N
918P,群益金鼎,台北市中山北路7段18號3樓之1、之2,天母,N,N
918R,群益金鼎,台北市明水路602號4樓,大直,N,N
918W,群益金鼎,台北市忠孝東路4段87號15樓,忠孝,N,N
918X,群益金鼎,台北市重慶北路1段30號4樓,台北,N,N
918c,群益金鼎,高雄市鳳山區中山西路203號2、3樓,鳳山,N,N
918d,群益金鼎,台北市內湖區成功路4段50號6樓,內湖,N,N
918e,群益金鼎,台北市忠孝東路4段87號7樓,大安,N,N
918g,群益金鼎,台中市大甲區蔣公路295號2樓,大甲,N,N
918i,群益金鼎,苗栗縣竹南鎮民族街87號5樓及6樓,竹南,N,N
918k,群益金鼎,台中市西屯區府會園道179號5樓,西屯,N,N
918s,群益金鼎,新北市新莊區富國路16號1樓、2樓及22巷6號1樓,丹鳳,N,N
918u,群益金鼎,高雄市苓雅區三多一路174號2樓,瑞豐,N,N
918x,群益金鼎,台北市延平北路2段96號3樓,延平,N,N
918z,群益金鼎,宜蘭縣宜蘭市中山路3段45號、47號2樓、3樓,宜蘭,N,N
9199,群益金鼎證券,台北市松仁路101號4樓,群益金鼎證券,Y,N
9200,凱基,台北市明水路698號3樓,凱基,Y,N
9202,凱基,台中市中正路478號8樓,中港,N,N
9204,凱基,台中市民族路50號5樓,台中,N,N
9205,凱基,新北市三重區正義北路206號、208號3、4樓,三重,N,N
9206,凱基,高雄市中正二路74號4樓(略),高雄,N,N
9207,凱基,新北市永和區中正路588號5樓,永和,N,N
9208,凱基,桃園縣桃園市成功路1段32號14樓,桃園成功,N,N
9209,凱基,高雄市岡山區公園東路47號,岡山,N,N
920A,凱基,新北市板橋區四川路1段107號2樓,板橋,N,N
920C,凱基,新北市中和區中和路232號3樓,雙和,N,N
920D,凱基,台北市忠孝東路4段563號7樓、7樓之1、565號7樓,市府,N,N
920E,凱基,台南市東區東門路2段160號2樓,東門,N,N
920F,凱基,台北市許昌街17號3樓及3樓之1,站前,N,N
920G,凱基,彰化市中山路2段353號1、2樓,卦山,N,N
920H,凱基,基隆市仁一路259號3樓、4樓,基隆,N,N
920M,凱基,宜蘭市光復路48號2、3樓,宜蘭,N,N
920N,凱基,新竹縣湖口鄉達生路15號2樓,湖口,N,N
920V,凱基,新北市新店區北新路3段106號1、2樓及106之1號,新店,N,N
920W,凱基,台中市大里區中興路2段127號2、4樓,大里,N,N
920Z,凱基,台東縣台東市中山路248號1、2、3樓,台東,N,N
9211,凱基,台南市林森路1段395號3樓,台南,N,N
9212,凱基,屏東縣東港鎮中山路2號1-3樓,東港,N,N
9215,凱基,高雄市九如二路366號3樓,三民,N,N
9216,凱基,台北市復興北路167號14樓之1、之2、之3,信義,N,N
9217,凱基,台北市八德路4段678號2樓之1及3樓,松山,N,N
9218,凱基,"台北市明水路591號,591之1號(略)",大直,N,N
9219,凱基,高雄市前鎮區一心二路21號3樓(略),一心,N,N
921A,凱基,台中市北區中清路1段100號6樓,大雅,N,N
921C,凱基,台北市復興北路420號4樓,民權,N,N
921E,凱基,新北市三峽區文化路59號3樓之1,三峽,N,N
921F,凱基,台北市中山北路7段18號4樓之3,天母,N,N
921G,凱基,新北市五股區中興路4段40號1樓、2樓,五股,N,N
921H,凱基,台北市南京東路3段101號3樓,南京,N,N
921J,凱基,新北市土城區金城路3段182號,土城,N,N
921M,凱基,桃園縣八德市介壽路2段137號3樓,八德,N,N
921S,凱基,新北市新莊區中華路2段5號3樓,幸福,N,N
921Y,凱基,台中市東勢區豐勢路297號4樓,東勢,N,N
9221,凱基,新竹市三民路9號2樓之1,新竹,N,N
9223,凱基,台中市豐原區豐中路13號7樓,豐中,N,N
9224,凱基,新北市新莊區四維路21號5樓,新莊,N,N
9225,凱基,屏東縣內埔鄉平昌街5號1樓,內埔,N,N
9226,凱基,新北市汐止區新興路3號7樓,汐止,N,N
9227,凱基,台北市博愛路35號2樓、4樓、6樓,城中,N,N
9229,凱基,台北市中山區中山北路2段68號7樓、8樓,中山,N,N
922C,凱基,屏東縣屏東市自由路188號3樓,屏東,N,N
922H,凱基,台北市松山區復興北路167號4樓,復興,N,N
9231,凱基,彰化縣員林鎮中山路2段100號6樓,員林,N,N
9232,凱基,台北市中山區南京東路1段52號3樓,建成,N,N
9233,凱基,桃園縣龜山鄉復興一路227號地下1樓,長庚,N,N
9234,凱基,新竹縣竹北市仁義路193號2、3樓,竹北,N,N
9235,凱基,台南市永華路1段32號3樓,永華,N,N
9236,凱基,雲林縣虎尾鎮德興路16號6樓,虎尾,N,N
9237,凱基,台北市松山區敦化北路88號8樓之2,敦北,N,N
9238,凱基,台北市士林區文林路342號5樓,士林,N,N
9239,凱基,台中市南屯區大業路179號1樓、2樓,大業,N,N
9243,凱基,高雄市七賢一路249號3、5樓,七賢,N,N
9252,凱基,嘉義市垂楊路620號4樓,嘉南,N,N
9254,凱基,新竹市光復路1段273號1樓,科園,N,N
9255,凱基,台北市羅斯福路2段102號3樓、3樓之1,和平,N,N
9256,凱基,桃園縣蘆竹鄉中正路308號1樓、2樓,南崁,N,N
9257,凱基,台北縣林口鄉文化二路1段569號,林口,N,N
9258,凱基,宜蘭縣羅東鎮中正北路48號1樓,羅東,N,N
9259,凱基,高雄市三民區澄清路466之5號,北高雄,N,N
9265,凱基,桃園縣平鎮市環南路2段11號4樓,平鎮,N,N
9266,凱基,新竹縣新豐鄉建興路1段106號,新豐,N,N
9268,凱基,台北市南京東路2段137號4樓及10樓,台北,N,N
9269,凱基,台北市忠孝東路5段550號地下2樓,永春,N,N
9272,凱基,新竹市中正路158號3樓,竹科,N,N
9273,凱基,新竹縣竹東鎮朝陽路9號2樓,竹東,N,N
9274,凱基,高雄市鳳山區維新路128號1、2樓,鳳山,N,N
9275,凱基,高雄市苓雅區中華四路47號3樓,三多,N,N
9276,凱基,苗栗市中正路458號2樓,苗栗,N,N
9278,凱基,台南市永康區中山南路1042號1、2樓,永康,N,N
9281,凱基,雲林縣斗六市永安路46號3樓,斗六,N,N
9283,凱基,台南市北門路1段101號4樓,北門,N,N
9285,凱基,桃園縣中壢市環北路421號、423號1、2樓,中壢,N,N
9287,凱基,台北市成功路4段358號地下之1,內湖,N,N
9288,凱基,新北市板橋區三民路1段216號5樓,埔墘,N,N
9289,凱基,台北市興隆路3段71號地下1樓,興隆,N,N
9291,凱基,台北市安和路2段82號2樓,大安,N,N
9294,凱基,台中市華美西街2段311號1樓,西屯,N,N
9296,凱基,苗栗縣頭份鎮中華路916號4樓,頭份,N,N
9297,凱基,台中市北屯區文心路4段875號2樓,文心,N,N
9298,凱基,台北市延平北路2段96號5樓,延平,N,N
9299,凱基,台北市明水路698號3樓,國際證券,N,N
9300,華南永昌,台北市民生東路4段54號4樓之8(略),華南永昌,Y,N
9302,華南永昌,台中市西屯區府會園道179號6樓之1(略),台中,N,N
9303,華南永昌,高雄市五福三路80、82號3樓,高雄,N,N
9304,華南永昌,基隆市愛三路128號2、3、4、7樓,基隆,N,N
9305,華南永昌,新北市新莊區中港路306號4樓及308號4樓,新莊,N,N
9306,華南永昌,台南市府前路2段612號1、2樓,台南,N,N
9307,華南永昌,台北市復興南路1段368號4樓,大安,N,N
9308,華南永昌,台南縣麻豆鎮中山路36號4、5樓,麻豆,N,N
9309,華南永昌,台北市羅斯福路2段91號2樓(部份),古亭,N,N
9311,華南永昌,宜蘭縣蘇澳鎮蘇東中路15號1、2樓,蘇澳,N,N
9312,華南永昌,高雄市民權二路385號地下1樓及6樓,民權,N,N
9313,華南永昌,台中縣大里市東榮路37號2樓,大里,N,N
9314,華南永昌,嘉義市文化路169號3樓,嘉義,N,N
9315,華南永昌,苗栗縣苑裡鎮世界路1段70號,苑裡,N,N
9316,華南永昌,台北縣淡水鎮中正路28號4、5樓,淡水,N,N
9317,華南永昌,台北縣林口鄉林口路46號3樓,林口,N,N
9318,華南永昌,台北市大同區重慶北路3段276號3樓,大同,N,N
9319,華南永昌,台北縣鶯歌鎮國慶街101號3、4樓,鶯歌,N,N
9321,華南永昌,台南縣佳里鎮延平路351號3樓,佳里,N,N
9322,華南永昌,基隆市仁愛區愛三路87號11樓,公誠,N,N
9323,華南永昌,高雄市小港區漢民路339號2樓,小港,N,N
9324,華南永昌,高雄縣岡山鎮民族路88號1樓、地下室一樓,岡山,N,N
9325,華南永昌,台北市忠孝東路2段130號3樓之1,忠孝,N,N
9326,華南永昌,台北市南京東路3段225號9樓、9樓之1,南京,N,N
9327,華南永昌,雲林縣斗六市太平路7號4樓,斗六,N,N
9328,華南永昌,屏東縣潮州鎮新生路71號4樓,潮州,N,N
9329,華南永昌,嘉義縣朴子市文化北路2號2樓,朴子,N,N
9331,華南永昌,高雄市鳳山區中山路138號4樓,鳳山,N,N
9332,華南永昌,高雄市楠梓區朝明路7號,楠梓,N,N
9333,華南永昌,宜蘭縣羅東鎮公正路155號2、3樓,長虹,N,N
9334,華南永昌,臺北市基隆路2段91號2樓,世貿,N,N
9335,華南永昌,高雄市五福4路178號4、5樓之2,鹽埕,N,N
9336,華南永昌,台北市士林區中正路122號地下1樓,士林,N,N
9337,華南永昌,桃園縣中壢市環中東路262號2樓,內壢,N,N
9339,華南永昌,新竹縣竹北市勝利一路89號,竹北,N,N
9342,華南永昌,新北市永和區永和路二段147號地下一樓,永和,N,N
9343,華南永昌,苗栗縣頭份鎮中華路1167號2樓,頭份,N,N
9347,華南永昌,台北市忠孝東路4段107號8樓之2,敦南,N,N
9348,華南永昌,台中市五權西路二段131號1樓,五權,N,N
9349,華南永昌,台北縣板橋市中山路1段10號4樓,合泰,N,N
9352,華南永昌,桃園縣桃園市南華街79號4樓,桃園,N,N
9353,華南永昌,台南市永福路2段154號4樓,赤崁,N,N
9358,華南永昌,台中縣東勢鎮三民街280號,東勢,N,N
9359,華南永昌,台北市開封街1段33號2樓,中正,N,N
9362,華南永昌,苗栗縣苗栗市中正路686號2樓,苗栗,N,N
9363,華南永昌,彰化縣彰化市陳稜路156號5樓,彰化,N,N
9364,華南永昌,台北市和平東路1段177之1號2樓(略),和平,N,N
9365,華南永昌,新北市八里區中華路2段376、378號,八里,N,N
9369,華南永昌,台北縣三重市仁愛街731號地下一樓,三重,N,N
9372,華南永昌,台北市內湖區東湖路69號2樓,內湖,N,N
9373,華南永昌,新北市新店區民權路103號、103號2樓,新店,N,N
9386,華南永昌,台東市中華路1段347號2樓,東昇,N,N
9600,富邦,台北市仁愛路4段169號2樓部分及15樓部分,富邦,Y,N
9602,富邦,彰化縣溪湖鎮興學街191號、195號(1樓及2樓),溪湖,N,N
9604,富邦,台北市北投區裕民六路2號1樓,陽明,N,N
9607,富邦,台北市羅斯福路2段9號3樓、3樓之1,古亭,N,N
9608,富邦,台東市中華路1段366號1、2樓,台東,N,N
960S,富邦綜合證券,臺北市仁愛路四段169號2樓部分(略),富邦綜合證券,Y,N
9611,富邦,台北市忠孝東路4段107號地下1樓,忠孝,N,N
9614,富邦,基隆市信一路133號1樓,基隆,N,N
9615,富邦,台北市木柵路3段96號3樓之一,木柵,N,N
9616,富邦,高雄市岡山區竹圍里22鄰中山北路178號2、3樓,岡山,N,N
9618,富邦,台北市南京西路36號3樓及3樓之1,大同,N,N
9621,富邦,花蓮縣花蓮市明心街1之16號3樓,花蓮,N,N
9622,富邦,新竹市光復路1段579號3、4樓,園區,N,N
9623,富邦,台北市許昌街17號2樓之1,台北,N,N
9624,富邦,新竹縣竹北市光明六路263號2、3、4樓,竹北,N,N
9625,富邦,新竹縣竹東鎮榮樂里14鄰惠昌街45號(略),竹東,N,N
9627,富邦,台北市內湖區成功路3段174巷8號地下1樓,內湖,N,N
9629,富邦,台北市士林區中正路122號2樓及2樓之1,士林,N,N
9634,富邦,宜蘭縣羅東鎮信義里興東路286號2樓及3樓,羅東,N,N
9636,富邦,桃園縣中壢市慈惠3街162號1樓(略),環北,N,N
9645,富邦,台北市中山區南京東路2段167號2樓之1,南京,N,N
9647,富邦,新竹市中山路8號2、3、4樓及5樓部分,新竹華信,N,N
9648,富邦,嘉義市林森西路167號,林森,N,N
9651,富邦,台北市民生東路3段138號地下1樓,民生,N,N
9652,富邦,台北市信義路4段303號2樓,世貿,N,N
9653,富邦,台北市延平北路2段69號2樓,延平,N,N
9654,富邦,新北市永和區保生路1號地下1樓部分,永和,N,N
9655,富邦,新北市板橋區文化路1段266號1樓之1,板橋,N,N
9656,富邦,高雄市九如一路551號2樓,三民,N,N
9657,富邦,苗栗縣苗栗市中正路399號2樓,苗栗,N,N
9658,富邦,台北市建國北路2段196號地下1樓,建國,N,N
9659,富邦,高雄市新興區民族二路95號(略),高雄,N,N
965K,富邦,台中市西屯區漢口路2段138號1、2樓及地下1樓,台中,N,N
965U,富邦,彰化市中山路2段349號2樓,彰化,N,N
9661,富邦,新北市新店區北新路2段252號地下1樓之5,新店,N,N
9663,富邦,台北市敦化南路1段108號地下1樓,敦南,N,N
9664,富邦,台北市天母東路36號2樓,天母,N,N
9665,富邦,桃園縣桃園市中正路476號地下1樓部分,桃園,N,N
9666,富邦,台中市五權西路2段668號之1部份,南屯,N,N
9667,富邦,台南市民生路2段279號2樓之1,台南,N,N
9668,富邦,台南市西門路4段367號5樓,小北,N,N
966F,富邦,高雄市左營區博愛二路418之1號(1樓及2樓),左營,N,N
9671,富邦,臺北市八德路3段30號1樓,八德,N,N
9672,富邦,彰化縣員林鎮莒光路五九八號,員林,N,N
9673,富邦,台北市襄陽路９號地下１樓部分,城中,N,N
9676,富邦,台北市建國南路1段237號地下1樓,仁愛,N,N
9677,富邦,新北市三重區重陽路1段66號3樓及66號3樓之1,三重,N,N
9678,富邦,台北市北投區中央北路1段2號3樓,北投,N,N
9679,富邦,臺北市仁愛路4段376號3樓,延吉,N,N
9682,富邦,桃園縣中壢市中央東路88號3樓部份,中壢,N,N
9686,富邦,宜蘭市聖後街一一八號二、三樓,宜蘭,N,N
9689,富邦,新北市板橋區忠孝路102號2樓,重慶,N,N
9692,富邦,嘉義市林森西路320號,嘉義,N,N
9693,富邦,台南縣新營市民治路301號3樓及1樓(略),新營,N,N
9694,富邦,台北市中山北路2段162號4樓,中山,N,N
9695,富邦,嘉義縣民雄鄉西安村西安路46之103號,民雄,N,N
9697,富邦,雲林縣虎尾鎮德興里1鄰公安路133號2、3樓,虎尾,N,N
969C,富邦,雲林縣北港鎮西勢里文化路40號2樓(部分),北港,N,N
9800,元大,台北市南京東路3段225號13樓及14樓,元大,Y,N
9801,元大,台北市中山區松江路139號3樓及3樓之1,松江,N,N
9805,元大,台北市中山北路7段18號4樓之1、之2,北天母,N,N
980B,元大,台北市南京東路3段225號3樓部分,復興,N,N
980C,元大,雲林縣斗六市中山路82號6樓,斗六,N,N
980D,元大,台南市開元路147號3樓之1、3樓之2,開元,N,N
980K,元大,新竹市光復路1段267號3、4樓,竹科,N,N
980Q,元大,桃園縣蘆竹鄉中正路311號3樓,南崁,N,N
980R,元大,台北市中正區南海路1號4樓,南海,N,N
980a,元大,台北市承德路3段210號2樓,承德,N,N
980d,元大,台中市沙鹿區沙田路131號5樓,沙鹿,N,N
980e,元大,台中縣清水鎮中山路170號5樓,清水,N,N
980g,元大,臺中市大雅區中清東路242號3樓,大雅,N,N
980h,元大,台北市重慶南路1段86號6樓,台北,N,N
980l,元大,雲林縣虎尾鎮林森路1段490號4樓,虎尾,N,N
980n,元大,臺中市北區中清路1段100號7樓,自由,N,N
980u,元大,臺南市中西區民生路1段165號3樓、5樓之1,府城,N,N
980w,元大,台中市西屯區西屯路2段256巷6號3樓之1,西屯,N,N
9812,元大,台中市自由路2段8號3樓之1、4樓之1,台中,N,N
9813,元大,台北市八德路3段32號3樓,八德,N,N
9814,元大,台南市西門路1段223巷20號3樓,大益,N,N
9815,元大,台南市永康區永大路2段161號,永康,N,N
9816,元大,新竹市民生路276號2樓,新竹,N,N
9817,元大,高雄市三民區九如一路73號2樓,東泰,N,N
9819,元大,桃園縣桃園市成功路1段32號9樓之1,桃園,N,N
981A,元大,新北市鶯歌區仁愛路1號8樓之2、8樓之3,鶯歌,N,N
981B,元大,新竹縣竹北市光明六路85號3樓,竹北,N,N
981C,元大,高雄市路竹區國昌路53號,路竹,N,N
981D,元大,南投縣南投市中山街202號4樓之2、之3、之5,南投,N,N
981E,元大,新北市新莊區中華路2段5號4樓,發財,N,N
981F,元大,新北市新莊區龍安路284號1樓及278巷3號2樓,福營,N,N
981G,元大,彰化縣彰化市華山路37號3樓,彰化,N,N
981I,元大,台北市士林區忠誠路2段48之1號1、2樓,天母,N,N
981J,元大,高雄市前鎮區一心二路252號3樓,高福,N,N
981K,元大,高雄縣林園鄉鳳林路1段1號2樓,林園,N,N
981L,元大,高雄市楠梓區新昌街51號地下室、1、2樓,莒光,N,N
981M,元大,苗栗縣苗栗市中正路611號4樓,苗栗,N,N
981N,元大,金門縣金城鎮民權路188號,金門,N,N
981Q,元大,台中市太平區中興東路50號3樓,太平,N,N
981R,元大,南投縣竹山鎮集山路3段919號2樓(略),竹山,N,N
981S,元大,台中市北屯區崇德路2段46之1號,崇德,N,N
981U,元大,台北市忠孝東路1段85號3樓,華山,N,N
981V,元大,嘉義縣民雄鄉保生街212號,民雄,N,N
981X,元大,台北市中正區新生南路1段148號4樓,東門,N,N
981Z,元大,屏東縣潮州鎮延平路115、117號2樓,潮州,N,N
981a,元大,台南市歸仁區中山路2段29號3樓,歸仁,N,N
981e,元大,台南市佳里區和平街83號7樓,佳里,N,N
981g,元大,台中市大里區國光路2段259號2樓,大里,N,N
981h,元大,屏東縣屏東市民生路287號5樓,屏東民生,N,N
981i,元大,雲林縣西螺鎮延平路190、192號1、2樓,西螺,N,N
981j,元大,台北市文林路342號2樓,士林,N,N
981m,元大,高雄市前金區中正四路143號4樓之2、5樓,新興,N,N
981n,元大,高雄市旗山區中山路102號2樓,旗山,N,N
981p,元大,台北市松山區南京東路5段92號2樓,松山,N,N
981q,元大,台北市萬華區西園路1段200號地下1樓,艋舺,N,N
981r,元大,屏東縣屏東市濟南街10號,屏南,N,N
981y,元大,台南市善化區大成路281號,善化,N,N
981z,元大,新竹市林森路196號2樓之3,大統,N,N
9821,元大,台北市敦化南路1段339號10樓,敦信,N,N
9822,元大,新北市土城區學府路1段25號1樓及地下1樓,土城學府,N,N
9824,元大,台中市向上路1段95號5樓之1,向上,N,N
9825,元大,台南市新營區中山路117號2樓,新營,N,N
9826,元大,台北縣板橋市東門街30之2號1樓(略),府中,N,N
9829,元大,台南縣永康市小東路511號3樓,南永康,N,N
982A,元大,宜蘭縣羅東鎮中正北路32號,羅東,N,N
982B,元大,高雄市左營區明誠二路491號地下層之1,博愛,N,N
982C,元大,高雄市新興區民族二路97號4樓,六合,N,N
982F,元大,台北市大安區忠孝東路4段300號7樓,忠孝鼎富,N,N
9831,元大,高雄市四維四路3號3樓之1、2、3,四維,N,N
9833,元大,台北市敦化南路2段71號12樓,敦化,N,N
9834,元大,桃園縣中壢市中央東路7號3、4樓,中壢,N,N
9835,元大,彰化縣員林鎮中山南路27號3樓,員林,N,N
9836,元大,台北市重慶北路1段73號2樓,重慶,N,N
9837,元大,雲林縣北港鎮文化路40號4樓,北港,N,N
9838,元大,臺中市豐原區圓環西路23號地下1樓,豐原,N,N
983B,元大,台南市林森路2段90號地下1樓,林森,N,N
983G,元大,新北市新莊區思源路173號2樓,上新莊,N,N
983J,元大,新竹市東門街75號4、5樓,新竹東門,N,N
983K,元大,台南市學甲區華宗路295號,學甲,N,N
983M,元大,台北市木柵路3段96號3樓之2,木柵,N,N
983N,元大,台北市和平東路2段347號3樓,大安,N,N
983U,元大,苗栗縣頭份鎮中華路932號3樓,頭份,N,N
983V,元大,苗栗縣竹南鎮博愛街29號4樓,竹南,N,N
983W,元大,台中市大里區德芳路1段63號2樓,大里德芳,N,N
983Z,元大,高雄市鳳山區五甲二路642號2樓,鳳山,N,N
983e,元大,台北市承德路4段318號4樓,劍潭,N,N
983f,元大,新竹縣竹東鎮大林路121號,竹東,N,N
983i,元大,台中市大雅區大雅里民興街39號3樓,大雅民興,N,N
983j,元大,台北市大安區復興南路1段237號2樓,仁愛,N,N
984B,元大,台北市忠孝東路5段510號2樓(略),松南,N,N
984C,元大,新北市新店區中正路225之1號2樓(略),新店中正,N,N
984E,元大,台北縣中和市景新街347號6樓之1,南勢角,N,N
984H,元大,台北市文山區景文街1號2樓之1,景美,N,N
984K,元大,臺北市中正區開封街1段2號3樓,館前,N,N
984U,元大,台北市延平北路2段61巷2號、6號,延平,N,N
9852,元大,台北市忠孝東路5段410號3樓(略)2,大松山,N,N
9853,元大,台中市南屯區向上路1段580號1、2樓,南屯,N,N
9854,元大,台中市北屯區文心路4段934之1號2樓,台中文心,N,N
9855,元大,嘉義市西區林森西路173號3樓,大嘉義,N,N
9856,元大,花蓮縣花蓮市國聯一路167號2樓,花蓮,N,N
9857,元大,新北市蘆洲區中山一路10號2樓、5樓,東蘆,N,N
9858,元大,桃園縣龍潭鄉神龍路39號,龍潭,N,N
9859,元大,新竹市經國路2段100號3樓,新竹經國,N,N
985B,元大,台北市中山區松江路111號9樓之1,長安,N,N
985C,元大,高雄市鳳山區中山西路105之1號1、2樓,鳳中,N,N
9862,元大,台北市南京東路3段219號2樓,南京,N,N
9863,元大,台北市和平東路1段214號2樓(略),新和平,N,N
9865,元大,台南市東區長榮路1段203號5樓之1,長榮,N,N
9866,元大,新北市樹林區博愛街91號、93號5樓,樹板,N,N
9867,元大,台北市民權東路6段160號2樓之1,北成功,N,N
9868,元大,台中市西屯區文心路3段337號3樓,水湳,N,N
9869,元大,新北市新莊區公園一路141號,新盛,N,N
986A,元大,高雄市新興區忠孝一路456號4樓,高雄七賢,N,N
986J,元大,台北市中山區中山北路2段129號2樓之2,中山,N,N
986K,元大,基隆市仁愛區孝二路86之5號,基隆孝二,N,N
9871,元大,臺北市大安區忠孝東路4段300號3樓,忠孝,N,N
9872,元大,台北市復興北路420號3樓,復北,N,N
9873,元大,台北市中正區寶慶路69號3樓,西門,N,N
9874,元大,新北市中和區中和路232號2樓、地下1樓,雙和,N,N
9875,元大,新北市土城區中央路2段165、167號1樓、2樓,土城永寧,N,N
9876,元大,高雄市前金區中正四路143號6樓之1,高雄前金,N,N
9877,元大,台北市忠誠路1段58號1樓及地下1、2樓,金天母,N,N
9878,元大,台南市中西區民生路1段165號4樓,赤崁,N,N
9879,元大,新北市板橋區三民路2段40號2樓,板橋三民,N,N
987A,元大,桃園縣楊梅市新成路125號2樓,楊梅,N,N
987D,元大,桃園縣中壢市中央西路1段120號15樓之2,新壢,N,N
9883,元大,苗栗縣頭份鎮中華路916號3樓之1,頭份中華,N,N
9884,元大,雲林縣斗六市文化路29號3樓,鎮北,N,N
9886,元大,臺北市大安區羅斯福路3段245號4樓、4樓之1,公館,N,N
9888,元大,新北市永和區永和路2段2號、8號2樓,鑫永和,N,N
9889,元大,彰化縣員林鎮大同路2段283號2樓,北員林,N,N
988B,元大,桃園縣桃園市莊敬路1段375號2樓,藝文,N,N
988C,元大,新北市三重區重新路3段111號2樓,三重,N,N
9891,元大,新北市永和區福和路139號3、4樓,永和,N,N
9892,元大,屏東市廣東路690號2樓之1、3樓,屏東,N,N
9893,元大,台北市中山北路6段126號4樓、5樓部分,大天母,N,N
9894,元大,桃園縣桃園市復興路96號2樓,北桃園,N,N
9896,元大,台南市長榮路1段203號5樓,台南,N,N
9897,元大,新北市土城區中央路1段255號2樓,土城,N,N
9898,元大,新北市新莊區新泰路246號2樓,新莊,N,N
9899,元大,新北市淡水區中正路67號2、3樓,淡水,N,N
989A,元大,台北市北投區北投路2段13號3樓,北投,N,N
989B,元大,臺中市西區臺灣大道2段489號10樓之2,台中中港,N,N
989C,元大,新北市板橋區中山路1段10號6樓,板橋,N,N
989D,元大,高雄市左營區左營大路158號3、4樓,左營,N,N
989E,元大,南投縣草屯鎮中興路88號2樓,草屯,N,N
989F,元大,高雄市三民區建工路715號2樓及717號2樓,高雄,N,N
989G,元大,台北市南京西路66號2樓,大同,N,N
989I,元大,新北市蘆洲區光華路11號2樓,蘆洲,N,N
989J,元大,彰化縣彰化市中正路1段296號,彰化民生,N,N
989L,元大,桃園市成功路1段32號9樓,成功,N,N
989N,元大,台北市內湖區成功路4段166號地下1樓(略),內湖,N,N
989P,元大,台北市敦化南路1段225號2樓、2樓之2,敦南,N,N
989Q,元大,新北市汐止區新台五路1段159號4樓,汐止,N,N
989S,元大,彰化縣鹿港鎮公園一路88號,鹿港,N,N
989U,元大,台中市大甲區民生路61號5樓,大甲,N,N
989V,元大,新北市三重區正義北路195號2樓,北三重,N,N
989W,元大,台中市豐原區豐中路13號3樓,豐原站前,N,N
989X,元大,台北市松山區民生東路5段171、171之3號1樓,民生,N,N
989Y,元大,基隆市信一路132號3樓,基隆,N,N
989Z,元大,高雄市漢民路381號8樓,小港,N,N
989a,元大,苗栗縣苑裡鎮為公路65號5樓,苑裡,N,N
989d,元大,台中市北屯區崇德路2段46之2號及46之3號,北屯,N,N
989e,元大,新北市中和區中和路102號5樓,中和,N,N
989f,元大,屏東縣東港鎮光復路1段188號1樓,東港,N,N
989g,元大,嘉義市西區林森西路173號3樓,嘉義,N,N
989i,元大,台北市內湖區港墘路104號地下樓(略),西湖,N,N
989j,元大,新北市樹林區中山路1段99號3樓,樹林,N,N
989k,元大,台北市羅斯福路3段37號2樓,古亭,N,N
989m,元大,台北市忠孝東路5段293號2樓部分,信義,N,N
989z,元大,臺北市中山區南京東路3段225號13樓,國際證券,N,N
9A00,永豐金,台北市重慶南路1段2號7樓(略),永豐金,Y,N
9A61,永豐金,高雄市鳳山區保泰路392、394、396號1、2樓,鳳山,N,N
9A68,永豐金,台中市五權西路1段257號6樓,五權,N,N
9A69,永豐金,屏東市中正路125號4樓,屏東,N,N
9A88,永豐金證券,台北市重慶南路1段2號7.8樓及18樓,永豐金證券,Y,N
9A8F,永豐金,台北市安和路2段187號地下1樓,敦南,N,N
9A90,永豐金,台北市重慶南路1段2號7、8樓及18樓,國際證券,N,N
9A91,永豐金,台北市松山路130號2樓,松山,N,N
9A92,永豐金,台北市松江路129號2樓、3樓,萬盛,N,N
9A93,永豐金,台北市民生西路286號2樓,大稻埕,N,N
9A96,永豐金,台北市博愛路57號1樓,博愛,N,N
9A97,永豐金,新竹市中正路129號4樓、5樓,新竹,N,N
9A98,永豐金,桃園縣大園鄉大園村中山北路102號2樓(略),大園,N,N
9A99,永豐金,桃園縣中壢市延平路370號3樓、372號3樓,中壢,N,N
9A9A,永豐金,宜蘭縣羅東鎮中正路203號2、3樓,羅東,N,N
9A9B,永豐金,新北市中和區中和路370號,中和,N,N
9A9C,永豐金,彰化縣員林鎮大同路1段338號5樓,員林,N,N
9A9D,永豐金,台北市忠孝東路4段280號2樓,忠孝,N,N
9A9E,永豐金,新北市板橋區中山路1段48號3、4、5樓,板橋,N,N
9A9F,永豐金,台北市信義路三段149號4樓,安和,N,N
9A9G,永豐金,台北市忠誠路1段60號2樓及62號2樓,天母,N,N
9A9H,永豐金,新北市新莊區中港路338號,新莊,N,N
9A9J,永豐金,新北市板橋區文化路2段246號,板新,N,N
9A9K,永豐金,新北市三重區正義北路113號1、2樓,三重,N,N
9A9L,永豐金,台中市中正路478號7樓,台中,N,N
9A9M,永豐金,南投縣南投市文昌街45號1、2樓,南投,N,N
9A9N,永豐金,桃園市南平路370號3樓,桃盛,N,N
9A9P,永豐金,新竹縣竹北市縣政九路145號2樓之1(略),竹北,N,N
9A9Q,永豐金,台中市豐原區信義街67巷15號2樓,豐原,N,N
9A9R,永豐金,台北市信義路4段189號2樓、2樓之1,信義,N,N
9A9S,永豐金,台北市南京東路3段36號2樓,南京,N,N
9A9U,永豐金,台北市中山區長安東路1段23號3樓之1(略),中正,N,N
9A9V,永豐金,高雄市自立一路247號1樓、2樓（含地下室）,三民,N,N
9A9W,永豐金,台中市公益路2段72號地下1樓,南台中,N,N
9A9X,永豐金,新竹市光復路2段289號4樓,竹科,N,N
9A9Y,永豐金,新北市板橋區府中路29之2號1樓、2樓,板盛,N,N
9A9Z,永豐金,台北市民權東路3段35號1樓、37號3樓,復興,N,N
9A9a,永豐金,高雄市苓雅區中華四路100號2樓,苓雅,N,N
9A9b,永豐金,雲林縣虎尾鎮新生路136號3樓,虎尾,N,N
9A9c,永豐金,台南市永康區中華路423號2樓,永康,N,N
9A9d,永豐金,臺北市南昌路1段110號3樓,古亭,N,N
9A9e,永豐金,高雄市中正一路284號2、3樓,高雄,N,N
9A9f,永豐金,台中市市政北一路1號6樓及8樓,中盛,N,N
9A9g,永豐金,台北市內湖路1段49號1樓、2樓,內湖,N,N
9A9h,永豐金,台南市西門路1段655號4樓,台南,N,N
9A9i,永豐金,新北市新店區北新路二段252號2樓(略),新店,N,N
9A9j,永豐金,嘉義市中山路386號3樓,嘉義,N,N
9A9k,永豐金,桃園市中山路845號2樓,桃中,N,N
9A9m,永豐金,新北市板橋區文化路1段120號2樓,板南,N,N
9A9p,永豐金,台南市公園路40號2樓,府城,N,N
9A9q,永豐金,屏東縣潮州鎮延平路16號(略),潮州,N,N
9A9r,永豐金,高雄市鹽埕區五福四路178號7樓(略),鹽埕,N,N
9A9s,永豐金,彰化市民族路532號5、6樓,彰化,N,N
9A9v,永豐金,台北市光復南路102號4樓之1,光復,N,N
9A9x,永豐金,桃園市南華街77號3樓之1、3樓之2,桃園,N,N
